time;timeHR;heart_Rate;step_Count;full Name;waterLvl;weight;height;age;gender
00:00:00;0;0;0;Jose Moctezuma;64.00994873046875;149.9;68.97637795275591;21;MALE
00:01:00;0;0;0;Jose Moctezuma;64.00994873046875;149.9;68.97637795275591;21;MALE
00:02:00;0;0;0;Jose Moctezuma;64.00994873046875;149.9;68.97637795275591;21;MALE
00:03:00;0;0;0;Jose Moctezuma;64.00994873046875;149.9;68.97637795275591;21;MALE
00:04:00;0;0;0;Jose Moctezuma;64.00994873046875;149.9;68.97637795275591;21;MALE
00:05:00;0;0;0;Jose Moctezuma;64.00994873046875;149.9;68.97637795275591;21;MALE
00:06:00;0;0;0;Jose Moctezuma;64.00994873046875;149.9;68.97637795275591;21;MALE
00:07:00;0;0;0;Jose Moctezuma;64.00994873046875;149.9;68.97637795275591;21;MALE
00:08:00;0;0;0;Jose Moctezuma;64.00994873046875;149.9;68.97637795275591;21;MALE
00:09:00;0;0;0;Jose Moctezuma;64.00994873046875;149.9;68.97637795275591;21;MALE
00:10:00;0;0;0;Jose Moctezuma;64.00994873046875;149.9;68.97637795275591;21;MALE
00:11:00;0;0;0;Jose Moctezuma;64.00994873046875;149.9;68.97637795275591;21;MALE
00:12:00;0;0;0;Jose Moctezuma;64.00994873046875;149.9;68.97637795275591;21;MALE
00:13:00;0;0;0;Jose Moctezuma;64.00994873046875;149.9;68.97637795275591;21;MALE
00:14:00;0;0;0;Jose Moctezuma;64.00994873046875;149.9;68.97637795275591;21;MALE
00:15:00;0;0;0;Jose Moctezuma;64.00994873046875;149.9;68.97637795275591;21;MALE
00:16:00;0;0;0;Jose Moctezuma;64.00994873046875;149.9;68.97637795275591;21;MALE
00:17:00;0;0;0;Jose Moctezuma;64.00994873046875;149.9;68.97637795275591;21;MALE
00:18:00;0;0;0;Jose Moctezuma;64.00994873046875;149.9;68.97637795275591;21;MALE
00:19:00;0;0;0;Jose Moctezuma;64.00994873046875;149.9;68.97637795275591;21;MALE
00:20:00;0;0;0;Jose Moctezuma;64.00994873046875;149.9;68.97637795275591;21;MALE
00:21:00;0;0;0;Jose Moctezuma;64.00994873046875;149.9;68.97637795275591;21;MALE
00:22:00;0;0;0;Jose Moctezuma;64.00994873046875;149.9;68.97637795275591;21;MALE
00:23:00;0;0;0;Jose Moctezuma;64.00994873046875;149.9;68.97637795275591;21;MALE
00:24:00;0;0;0;Jose Moctezuma;64.00994873046875;149.9;68.97637795275591;21;MALE
00:25:00;0;0;0;Jose Moctezuma;64.00994873046875;149.9;68.97637795275591;21;MALE
00:26:00;0;0;0;Jose Moctezuma;64.00994873046875;149.9;68.97637795275591;21;MALE
00:27:00;0;0;0;Jose Moctezuma;64.00994873046875;149.9;68.97637795275591;21;MALE
00:28:00;0;0;0;Jose Moctezuma;64.00994873046875;149.9;68.97637795275591;21;MALE
00:29:00;0;0;0;Jose Moctezuma;64.00994873046875;149.9;68.97637795275591;21;MALE
00:30:00;0;0;0;Jose Moctezuma;64.00994873046875;149.9;68.97637795275591;21;MALE
00:31:00;0;0;0;Jose Moctezuma;64.00994873046875;149.9;68.97637795275591;21;MALE
00:32:00;0;0;0;Jose Moctezuma;64.00994873046875;149.9;68.97637795275591;21;MALE
00:33:00;0;0;0;Jose Moctezuma;64.00994873046875;149.9;68.97637795275591;21;MALE
00:34:00;0;0;0;Jose Moctezuma;64.00994873046875;149.9;68.97637795275591;21;MALE
00:35:00;0;0;0;Jose Moctezuma;64.00994873046875;149.9;68.97637795275591;21;MALE
00:36:00;0;0;0;Jose Moctezuma;64.00994873046875;149.9;68.97637795275591;21;MALE
00:37:00;0;0;0;Jose Moctezuma;64.00994873046875;149.9;68.97637795275591;21;MALE
00:38:00;0;0;0;Jose Moctezuma;64.00994873046875;149.9;68.97637795275591;21;MALE
00:39:00;0;0;0;Jose Moctezuma;64.00994873046875;149.9;68.97637795275591;21;MALE
00:40:00;0;0;0;Jose Moctezuma;64.00994873046875;149.9;68.97637795275591;21;MALE
00:41:00;0;0;0;Jose Moctezuma;64.00994873046875;149.9;68.97637795275591;21;MALE
00:42:00;0;0;0;Jose Moctezuma;64.00994873046875;149.9;68.97637795275591;21;MALE
00:43:00;0;0;0;Jose Moctezuma;64.00994873046875;149.9;68.97637795275591;21;MALE
00:44:00;0;0;0;Jose Moctezuma;64.00994873046875;149.9;68.97637795275591;21;MALE
00:45:00;0;0;0;Jose Moctezuma;64.00994873046875;149.9;68.97637795275591;21;MALE
00:46:00;0;0;0;Jose Moctezuma;64.00994873046875;149.9;68.97637795275591;21;MALE
00:47:00;0;0;0;Jose Moctezuma;64.00994873046875;149.9;68.97637795275591;21;MALE
00:48:00;0;0;0;Jose Moctezuma;64.00994873046875;149.9;68.97637795275591;21;MALE
00:49:00;0;0;0;Jose Moctezuma;64.00994873046875;149.9;68.97637795275591;21;MALE
00:50:00;0;0;0;Jose Moctezuma;64.00994873046875;149.9;68.97637795275591;21;MALE
00:51:00;0;0;0;Jose Moctezuma;64.00994873046875;149.9;68.97637795275591;21;MALE
00:52:00;0;0;0;Jose Moctezuma;64.00994873046875;149.9;68.97637795275591;21;MALE
00:53:00;0;0;0;Jose Moctezuma;64.00994873046875;149.9;68.97637795275591;21;MALE
00:54:00;0;0;0;Jose Moctezuma;64.00994873046875;149.9;68.97637795275591;21;MALE
00:55:00;0;0;0;Jose Moctezuma;64.00994873046875;149.9;68.97637795275591;21;MALE
